analysis_id,description,definition
1,KM analysis with PS Matching,"{
  ""analysisId"": 1,
  ""description"": ""KM analysis with PS Matching"",
  ""getDbCohortMethodDataArgs"": {
    ""studyStartDate"": ""19000101"",
    ""studyEndDate"": ""20251231"",
    ""firstExposureOnly"": false,
    ""removeDuplicateSubjects"": ""keep all"",
    ""restrictToCommonPeriod"": false,
    ""washoutPeriod"": 0,
    ""maxCohortSize"": 0,
    ""covariateSettings"": {
      ""temporal"": false,
      ""temporalSequence"": false,
      ""DemographicsGender"": true,
      ""DemographicsAgeGroup"": true,
      ""DemographicsRace"": true,
      ""DemographicsEthnicity"": true,
      ""DemographicsIndexYear"": true,
      ""DemographicsIndexMonth"": true,
      ""ConditionGroupEraLongTerm"": true,
      ""ConditionGroupEraShortTerm"": true,
      ""DrugGroupEraLongTerm"": true,
      ""DrugGroupEraShortTerm"": true,
      ""DrugGroupEraOverlapping"": true,
      ""ProcedureOccurrenceLongTerm"": true,
      ""ProcedureOccurrenceShortTerm"": true,
      ""DeviceExposureLongTerm"": true,
      ""DeviceExposureShortTerm"": true,
      ""MeasurementLongTerm"": true,
      ""MeasurementShortTerm"": true,
      ""MeasurementRangeGroupLongTerm"": true,
      ""MeasurementRangeGroupShortTerm"": true,
      ""MeasurementValueAsConceptLongTerm"": true,
      ""MeasurementValueAsConceptShortTerm"": true,
      ""ObservationLongTerm"": true,
      ""ObservationShortTerm"": true,
      ""ObservationValueAsConceptLongTerm"": true,
      ""ObservationValueAsConceptShortTerm"": true,
      ""CharlsonIndex"": true,
      ""Dcsi"": true,
      ""Chads2"": true,
      ""Chads2Vasc"": true,
      ""includedCovariateConceptIds"": [],
      ""includedCovariateIds"": [],
      ""addDescendantsToInclude"": false,
      ""excludedCovariateConceptIds"": [],
      ""addDescendantsToExclude"": false,
      ""shortTermStartDays"": -30,
      ""mediumTermStartDays"": -180,
      ""endDays"": 0,
      ""longTermStartDays"": -365,
      ""attr_class"": ""covariateSettings"",
      ""attr_fun"": ""getDbDefaultCovariateData""
    },
    ""attr_class"": ""args""
  },
  ""createStudyPopArgs"": {
    ""firstExposureOnly"": false,
    ""restrictToCommonPeriod"": false,
    ""washoutPeriod"": 0,
    ""removeDuplicateSubjects"": ""keep all"",
    ""removeSubjectsWithPriorOutcome"": true,
    ""priorOutcomeLookback"": 99999,
    ""minDaysAtRisk"": 1,
    ""maxDaysAtRisk"": 99999,
    ""riskWindowStart"": 0,
    ""startAnchor"": ""cohort start"",
    ""riskWindowEnd"": 365,
    ""endAnchor"": ""cohort end"",
    ""censorAtNewRiskWindow"": false,
    ""attr_class"": ""args""
  },
  ""computeCovariateBalanceArgs"": {
    ""maxCohortSize"": 250000,
    ""attr_class"": ""args""
  },
  ""fitOutcomeModelArgs"": {
    ""modelType"": ""cox"",
    ""stratified"": false,
    ""useCovariates"": false,
    ""inversePtWeighting"": false,
    ""profileBounds"": [-2.3026, 2.3026],
    ""prior"": {
      ""priorType"": ""laplace"",
      ""variance"": 1,
      ""exclude"": null,
      ""graph"": null,
      ""neighborhood"": null,
      ""useCrossValidation"": true,
      ""forceIntercept"": false,
      ""attr_class"": ""cyclopsPrior""
    },
    ""control"": {
      ""maxIterations"": 1000,
      ""tolerance"": 2e-07,
      ""convergenceType"": ""gradient"",
      ""autoSearch"": true,
      ""fold"": 10,
      ""lowerLimit"": 0.01,
      ""upperLimit"": 20,
      ""gridSteps"": 10,
      ""minCVData"": 100,
      ""cvRepetitions"": 10,
      ""noiseLevel"": ""quiet"",
      ""threads"": 1,
      ""seed"": 1,
      ""resetCoefficients"": true,
      ""startingVariance"": 0.01,
      ""useKKTSwindle"": false,
      ""tuneSwindle"": 10,
      ""selectorType"": ""auto"",
      ""initialBound"": 2,
      ""maxBoundCount"": 5,
      ""algorithm"": ""ccd"",
      ""doItAll"": true,
      ""syncCV"": false,
      ""attr_class"": ""cyclopsControl""
    },
    ""attr_class"": ""args""
  },
  ""attr_class"": ""cmAnalysis""
}
"
